Autodesk 3ds Max 2016,864713DSMAX_2016_0F
Autodesk 3ds Max Entertainment Creation Suite Standard 2016,86464MXECS_2016_0F
Autodesk 3ds Max with SoftImage 2016,864733DSMXS_2016_0F
Autodesk Advance Concrete 2016,86515ADSTCP_2016_0F
Autodesk Advance Steel 2016,86507ADSTPR_2016_0F
Autodesk Advance Steel 2016 with AutoCAD,86506ASPACD_2016_0F
Autodesk Alias AutoStudio 2016,86427ALAUST_2016_0F
Autodesk Alias Concept 2016,86581ALSCPT_2016_0F
Autodesk Alias Design 2016,86428DESNST_2016_0F
Autodesk Alias SpeedForm 2016,86581ALSSF_2016_0F
Autodesk Alias Surface 2016,86429SURFST_2016_0F
Autodesk Alias TC Integrator for GM 2016,86430ATCIGM_2016_0F
Autodesk AutoCAD 2016,86445ACD_2016_0F
Autodesk AutoCAD 2016 for Mac,86511ACDMAC_2016_0F
Autodesk AutoCAD Architecture 2016,86480ARCHDESK_2016_0F
Autodesk AutoCAD Civil 3D 2016,86514CIV3D_2016_0F
Autodesk AutoCAD Design Suite Premium 2016,86444DSPRM_2016_0F
Autodesk AutoCAD Design Suite Standard 2016,86446DSSTD_2016_0F
Autodesk AutoCAD Design Suite Ultimate 2016,86432DSADV_2016_0F
Autodesk AutoCAD Electrical 2016,86481ACAD_E_2016_0F
Autodesk AutoCAD Inventor LT Suite 2016,86485INVLTS_2016_0F
Autodesk AutoCAD LT 2016,86447ACDLT_2016_0F
Autodesk AutoCAD LT 2016 Flexible License,86448ACLTNL_2016_0F
Autodesk AutoCAD LT 2016 for Mac,86512ACDLTM_2016_0F
Autodesk AutoCAD LT Civil Suite 2016,86513ACDLTC_2016_0F
Autodesk AutoCAD Map 3D 2016,86517MAP_2016_0F
Autodesk AutoCAD Mechanical 2016,86478AMECH_PP_2016_0F
Autodesk AutoCAD MEP 2016,86479BLDSYS_2016_0F
Autodesk AutoCAD P&ID 2016,86517PNID_2016_0F
Autodesk AutoCAD Plant 3D 2016,86517PLNT3D_2016_0F
Autodesk AutoCAD Raster Design 2016,86474ARDES_2016_0F
Autodesk AutoCAD Revit Architecture Suite 2016,86465REVITS_2016_0F
Autodesk AutoCAD Revit LT Suite 2016,86449RVTLTS_2016_0F
Autodesk AutoCAD Revit MEP Suite 2016,86466REVSYP_2016_0F
Autodesk AutoCAD Revit Structure Suite 2016,86467REVSU_2016_0F
Autodesk AutoCAD Utility Design 2016,86517UTLDESN_2016_0F
Autodesk Building Design Suite Premium 2016,86451BDSPRM_2016_0F
Autodesk Building Design Suite Standard 2016,86452BDSS_2016_0F
Autodesk Building Design Suite Ultimate 2016,86443BDSADV_2016_0F
Autodesk CFD 2016,86540SCFD_2016_0F
Autodesk CFD 2016 Advanced,86541SCFDA_2016_0F
Autodesk CFD 2016 Connection for NX,86543SCFDNX_2016_0F
Autodesk CFD 2016 Connection for Parasolid,86544SCFDP_2016_0F
Autodesk CFD 2016 Connection for Pro ENGINEER,86545SCPROE_2016_0F
Autodesk CFD 2016 Design Study Environment,86546SCDSE_2016_0F
Autodesk CFD 2016 Motion,86547SCFDM_2016_0F
Autodesk Display Cluster Module for Autodesk VRED Design 2016,86518DCMVRD_2016_0F
Autodesk Dynamo Studio 2016,86643DYNSTD_2016_0F
Autodesk Entertainment Creation Suite Ultimate 2016,86435ENCSU_2016_0F
Autodesk Fabrication CADmep 2016,86519CADMEP_2016_0F
Autodesk Fabrication CAMduct 2016,86520CAMDCT_2016_0F
Autodesk Fabrication CAMduct Components 2016,86521CAMLTE_2016_0F
Autodesk Fabrication ESTmep 2016,86522ESTMEP_2016_0F
Autodesk Fabrication RemoteEntry 2016,86523RMNTRY_2016_0F
Autodesk Fabrication Tracker 2016,86524TRCKIT_2016_0F
Autodesk Factory Design Suite Premium 2016,86475FDSPRM_2016_0F
Autodesk Factory Design Suite Standard 2016,86502FDSS_2016_0F
Autodesk Factory Design Suite Ultimate 2016,86476FDSADV_2016_0F
Autodesk Factory Design Utilities 2016,86491FDU_2016_0F
Autodesk GM CAD Convertors 2016,86436GMCADC_2016_0F
Autodesk Helius Composite 2016,86549ACMPDS_2016_0F
Autodesk Helius PFA 2016,86548ACMPAN_2016_0F
Autodesk HSMWorks Premium 2016,86525HSMPRM_2016_0F
Autodesk HSMWorks Professional 2016,86526HSMPRO_2016_0F
Autodesk Infrastructure Design Suite Premium 2016,86468IDSP_2016_0F
Autodesk Infrastructure Design Suite Standard 2016,86508IDSS_2016_0F
Autodesk Infrastructure Design Suite Ultimate 2016,86442IDSU_2016_0F
Autodesk InfraWorks 2016,86529INFMDR_2016_0F
Autodesk InfraWorks 360 - companion 2016,86530IW360C_2016_0F
Autodesk InfraWorks 360 2016,86531IW360P_2016_0F
Autodesk InfraWorks bundle â€“ Roads & Highways 2016,86532IMRH_2016_0F
Autodesk Inventor 2016,86492INVNTOR_2016_0F
Autodesk Inventor Engineer-to-Order 2016 - Distribution,86593IETODIS_2016_0F
Autodesk Inventor Engineer-to-Order Series 2016,86503INVETO_2016_0F
Autodesk Inventor Engineer-to-Order Server 2016,86487INTSER_2016_0F
Autodesk Inventor HSM 2016,86493INVHSM_2016_0F
Autodesk Inventor HSM Pro 2016,86494INHSMP_2016_0F
Autodesk Inventor LT 2016,86496INVLT_2016_0F
Autodesk Inventor OEM 2016,86495INVOEM_2016_0F
Autodesk Inventor Professional 2016,86497INVPROSA_2016_0F
Autodesk Maya 2016,86437MAYA_2016_0F
Autodesk Maya Entertainment Creation Suite Standard 2016,86438MYECS_2016_0F
Autodesk Maya with SoftImage 2016,86441MAYAS_2016_0F
Turtle for Maya 2016,86437TRTLPB_2016_0F
Autodesk Moldflow Adviser Premium 2016,86552MFAM_2016_0F
Autodesk Moldflow Adviser Standard 2016,86554MFAD_2016_0F
Autodesk Moldflow Adviser Ultimate 2016,86576MFAA_2016_0F
Autodesk Moldflow Design 2016,86550SIMDFM_2016_0F
Autodesk Moldflow Insight Premium 2016,86555MFIP_2016_0F
Autodesk Moldflow Insight Standard 2016,86556MFIB_2016_0F
Autodesk Moldflow Insight Ultimate 2016,86557MFIA_2016_0F
Autodesk Moldflow Synergy 2016,86558MFS_2016_0F
Autodesk MotionBuilder 2016,86460MOBPRO_2016_0F
Autodesk Mudbox 2016,86461MBXPRO_2016_0F
Autodesk Nastran 2016,86579NSTRN_2016_0F
Autodesk Nastran In-CAD 2016,86580NINCAD_2016_0F
Autodesk Navisworks Manage 2016,86534NAVMAN_2016_0F
Autodesk Navisworks Simulate 2016,86553NAVSIM_2016_0F
Autodesk Plant Design Suite Premium 2016,86469PDSPRM_2016_0F
Autodesk Plant Design Suite Standard 2016,86509PLTDSS_2016_0F
Autodesk Plant Design Suite Ultimate 2016,86470PDSADV_2016_0F
Autodesk Point Layout 2016,86535PNTLAY_2016_0F
Autodesk Product Design Suite Premium 2016,86477PDSP_2016_0F
Autodesk Product Design Suite Ultimate 2016,86462PDSU_2016_0F
Autodesk Raytracing Cluster Module for Autodesk VRED 2016,86537RCMVRD_2016_0F
Autodesk ReCap 360 Ultimate 2016,86538RECAP_2016_0F
Autodesk Revit 2016,86453RVT_2016_0F
Autodesk Revit Architecture 2016,86454REVIT_2016_0F
Autodesk Revit Engineer-to-Order 2016 - Distribution Package,86589RETODP_2016_0F
Autodesk Revit LT 2016,86455RVTLT_2016_0F
Autodesk Revit MEP 2016,86456RVTMPB_2016_0F
Autodesk Revit Structure 2016,86457REVITST_2016_0F
Autodesk Robot Structural Analysis Professional 2016,86439RSAPRO_2016_0F
Autodesk Showcase 2016,86582SHOWCASE_2016_0F
Autodesk Simulation CFD 2016 Connection for ACIS,86542SCACIS_2016_0F
Autodesk Simulation Mechanical 2016,86551ASMES_2016_0F
Autodesk SketchBook Pro 2016,86440SBPNL_2016_0F
Autodesk Studio Wall 2016,86595STUWAL_2016_0F
Autodesk T-Splines Plug-in for Rhino 2016,86561TSPRHN_2016_0F
Autodesk Vault Office 2016,86562PCOFFI_2016_0F
Autodesk Vault Professional 2016,86563VLTM_2016_0F
Autodesk Vault Workgroup 2016,86564VLTWG_2016_0F
Autodesk Vehicle Tracking 2016,86565VEHTRK_2016_0F
Autodesk VRED 2016,86516ADKVRD_2016_0F
Autodesk VRED Design 2016,86566VRDDES_2016_0F
Autodesk VRED Presenter 2016,86567VRDPRS_2016_0F
Autodesk VRED Professional 2016,86568VRDPRO_2016_0F
Autodesk VRED Server 2016,86572VRDSRV_2016_0F
CADdoctor for Autodesk Simulation 2016,86515MFCD_2016_0F
Enterprise Multi-Flex Enhanced Bundle 2016,86569EMFEB_2016_0F
mental ray Standalone 2016,86459MRSTND_2016_0F
T1 Enterprise Multi-flex 2016,86571T1MF_2016_0F
T1 Enterprise Multi-flex Prior Version 2016,86573T1MFPV_2016_0F
T1 Enterprise Multi-flex Standard Bundle 2016,86575T1MFSB_2016_0F
T1 Enterprise Multi-Flex Standard Prior Version Bundle 2016,86574T1MFPB_2016_0F