Autodesk 3ds Max 2017,866333DSMAX_2017_0F,662003DSMAX_F,662003DSMAX_T_F
Autodesk 3ds Max 2017 with SoftImage,866223DSMXS_2017_0F,863993DSMXS_F,863993DSMXS_T_F
Autodesk Advance Concrete 2017,86616ADSTCP_2017_0F,86374ADSTCP_F,86374ADSTCP_T_F
Autodesk Advance Steel 2017,86612ADSTPR_2017_0F,86376ADSTPR_F,86376ADSTPR_T_F
Autodesk Advance Steel 2017 with AutoCAD,86614ASPACD_2017_0F,86382ASPACD_F,86382ASPACD_T_F
Autodesk Alias AutoStudio 2017,86642ALAUST_2017_0F,86372ALAUST_F,86372ALAUST_T_F
Autodesk Alias Concept 2017,86641ALSCPT_2017_0F,86582ALSCPT_F,86582ALSCPT_T_F
Autodesk Alias Design 2017,86638DESNST_2017_0F,85100DESNST_F,85100DESNST_T_F
Autodesk Alias SpeedForm 2017,86737ALSSF_2017_0F,86582ALSSF_F,86582ALSSF_T_F
Autodesk Alias Surface 2017,86637SURFST_2017_0F,85300SURFST_F,85300SURFST_T_F
Autodesk Alias TC Integrator for GM 2017,86640ATCIGM_2017_0F,85666ATCIGM_F,85666ATCIGM_T_F
Autodesk Architecture Engineering and Construction Suite 2017,86786AECS_2017_0F,86786AECS_F, 
Autodesk AutoCAD 2017,86604ACD_2017_0F,64300ACD_F,64300ACD_T_F
Autodesk AutoCAD 2017 for Mac,86711ACDMAC_2017_0F,85876ACDMAC_F,85876ACDMAC_T_F
Autodesk AutoCAD Architecture 2017,86480ARCHDESK_2017_0F,65300ARCHDESK_F,65300ARCHDESK_T_F
Autodesk AutoCAD Civil 3D 2017,86718CIV3D_2017_0F,64900CIV3D_F,64900CIV3D_T_F
Autodesk AutoCAD Design Suite Premium 2017,86685DSPRM_2017_0F,85690DSPRM_F,85690DSPRM_T_F
Autodesk AutoCAD Design Suite Standard 2017,86683DSSTD_2017_0F,85689DSSTD_F,85689DSSTD_T_F
Autodesk AutoCAD Design Suite Ultimate 2017,86687DSADV_2017_0F,85691DSADV_F,85691DSADV_T_F
Autodesk AutoCAD Electrical 2017,86635ACAD_E_2017_0F,65500ACAD_E_F,65500ACAD_E_T_F
Autodesk AutoCAD Inventor LT Suite 2017,86746INVLTS_2017_0F,85622INVLTS_F, 
Autodesk AutoCAD LT 2017,86604ACDLT_2017_0F,84700ACDLT_F,84700ACDLT_T_F
Autodesk AutoCAD LT Civil Suite 2017,86723ACDLTC_2017_0F,81900ACDLTC_F,81900ACDLTC_T_F
Autodesk AutoCAD Map 3D 2017,86719MAP_2017_0F,65400MAP_F,65400MAP_T_F
Autodesk AutoCAD Mechanical 2017,86627AMECH_PP_2017_0F,64400AMECH_PP_F,64400AMECH_PP_T_F
Autodesk AutoCAD MEP 2017,86631BLDSYS_2017_0F,65100BLDSYS_F,65100BLDSYS_T_F
Autodesk AutoCAD P&ID 2017,86648PNID_2017_0F,67700PNID_F,67700PNID_T_F
Autodesk AutoCAD Plant 3D 2017,86650PLNT3D_2017_0F,65700PLNT3D_F,65700PLNT3D_T_F
Autodesk AutoCAD Raster Design 2017,86606ARDES_2017_0F,66300ARDES_F,66300ARDES_T_F
Autodesk AutoCAD Revit LT Suite 2017,86717RVTLTS_2017_0F,86017RVTLTS_F, 
Autodesk AutoCAD Utility Design 2017,86720UTLDESN_2017_0F,65600UTLDESN_F,65600UTLDESN_T_F
Autodesk Building Design Suite Premium 2017,86696BDSPRM_2017_0F,85787BDSPRM_F, 
Autodesk Building Design Suite Standard 2017,86695BDSS_2017_0F,85797BDSS_F, 
Autodesk Building Design Suite Ultimate 2017,86697BDSADV_2017_0F,85788BDSADV_F, 
Autodesk CFD 2017,86804SCFD_2017_0F,86026SCFD_F,86026SCFD_T_F
Autodesk CFD 2017 Advanced,86805SCFDA_2017_0F,86029SCFDA_F,86029SCFDA_T_F
Autodesk CFD 2017 Design Study Environment,86806SCDSE_2017_0F,86035SCDSE_F,86035SCDSE_T_F
Autodesk CFD 2017 Motion,86807SCFDM_2017_0F,86037SCFDM_F,86037SCFDM_T_F
Autodesk Dynamo Studio 2017,86822DYNSTD_2017_0F,86644DYNSTD_F,86644DYNSTD_T_F
Autodesk Fabrication CADmep 2017,86777CADMEP_2017_0F,86282CADMEP_F,86282CADMEP_T_F
Autodesk Fabrication CAMduct 2017,86776CAMDCT_2017_0F,86179CAMDCT_F,86179CAMDCT_T_F
Autodesk Fabrication ESTmep 2017,86775ESTMEP_2017_0F,86186ESTMEP_F,86186ESTMEP_T_F
Autodesk Factory Design Suite Premium 2017,86694FDSPRM_2017_0F,85677FDSPRM_F,85677FDSPRM_T_F
Autodesk Factory Design Suite Standard 2017,86693FDSS_2017_0F,85805FDSS_F,85805FDSS_T_F
Autodesk Factory Design Suite Ultimate 2017,86692FDSADV_2017_0F,85677FDSADV_F,85677FDSADV_T_F
Autodesk Factory Design Utilities 2017,86691FDU_2017_0F,86199FDU_F,86199FDU_T_F
Autodesk GM CAD Convertors 2017,86639GMCADC_2017_0F,85664GMCADC_F,85664GMCADC_T_F
Autodesk Helius Composite 2017,86662ACMPDS_2017_0F,86347ACMPDS_F,86347ACMPDS_T_F
Autodesk Helius PFA 2017,86660ACMPAN_2017_0F,86345ACMPAN_F,86345ACMPAN_T_F
Autodesk Infrastructure Design Suite Premium 2017,86702IDSP_2017_0F,85812IDSP_F, 
Autodesk Infrastructure Design Suite Standard 2017,86700IDSS_2017_0F,85811IDSS_F, 
Autodesk Infrastructure Design Suite Ultimate 2017,86704IDSU_2017_0F,85810IDSU_F, 
Autodesk Infrastructure Map Server 2017,86721IMS_2017_0F,85845IMS_F,85845IMS_T_F
Autodesk Infrastructure Map Server 5 Activations 2017,86722IMS5A_2017_0F,85845IMS_F,85845IMS_T_F
Autodesk InfraWorks 360 - Design Bundle Plus,86698IW360DBP_2017_0F,86668IW360DBP_F, 
Autodesk InfraWorks 360 2017,86762IW360P_2017_0F,86391IW360P_F,86391IW360P_T_F
Autodesk Inventor 2017,86608INVNTOR_2017_0F,85578INVNTOR_F,85578INVNTOR_T_F
Autodesk Inventor Engineer-to-Order 2017 - Developer,86733IETODEV_2017_0F,86591IETODEV_F, 
Autodesk Inventor Engineer-to-Order 2017 - Distribution,86734IETODIS_2017_0F,86594IETODIS_F,86594IETODIS_T_F
Autodesk Inventor Engineer-to-Order 2017 - Server,86735IETOSRV_2017_0F,86592IETOSRV_F,86592IETOSRV_T_F
Autodesk Inventor Engineer-to-Order Series 2017,86736INVETO_2017_0F,85874INVETO_F, 
Autodesk Inventor Engineer-to-Order Server 2017,86732INTSER_2017_0F,85676INTSER_F,85676INTSER_T_F
Autodesk Inventor HSM 2017,86744INVHSM_2017_0F,86393INVHSM_F,86393INVHSM_T_F
Autodesk Inventor HSM Pro 2017,86745INHSMP_2017_0F,86395INHSMP_F,86395INHSMP_T_F
Autodesk Inventor LT 2017,86610INVLT_2017_0F,66100INVLT_F,66100INVLT_T_F
Autodesk Inventor OEM 2017,86611INVOEM_2017_0F,86003INVOEM_F,86003INVOEM_T_F
Autodesk Inventor Professional 2017,86609INVPROSA_2017_0F,64801INVPROSA_F,64801INVPROSA_T_F
Autodesk Maya 2017,86618MAYA_2017_0F,85527MAYA_F,85527MAYA_T_F
Autodesk Media and Entertainment Suite 2017,86788MES_2017_0F,86788MES_F, 
Autodesk Memento,86812MMNTO_2017_0F,86812MMNTO_F,86812MMNTO_T_F
Autodesk MEP Fabrication Suite 2017,86790MEPCS_2017_0F,86740MEPCS_F,86740MEPCS_T_F
Autodesk Moldflow Adviser Premium 2017,86749MFAM_2017_0F,76600MFAM_F,76600MFAM_T_F
Autodesk Moldflow Adviser Standard 2017,86748MFAD_2017_0F,76400MFAD_F,76400MFAD_T_F
Autodesk Moldflow Adviser Ultimate 2017,86750MFAA_2017_0F,76800MFAA_F,76800MFAA_T_F
Autodesk Moldflow Design 2017,86755SIMDFM_2017_0F,86111SIMDFM_F,86111SIMDFM_T_F
Autodesk Moldflow Insight Premium 2017,86752MFIP_2017_0F,86387MFIP_F,86387MFIP_T_F
Autodesk Moldflow Insight Standard 2017,86751MFIB_2017_0F,86586MFIB_F,86586MFIB_T_F
Autodesk Moldflow Insight Ultimate 2017,86753MFIA_2017_0F,77400MFIA_F,77400MFIA_T_F
Autodesk Moldflow Synergy 2017,86754MFS_2017_0F,77800MFS_F,77800MFS_T_F
Autodesk MotionBuilder 2017,86623MOBPRO_2017_0F,69800MB_F,69800MB_T_F
Autodesk Mudbox 2017,86624MBXPRO_2017_0F,70300MBXPRO_F,70300MBXPRO_T_F
Autodesk Nastran 2017,86659NSTRN_2017_0F,86499NSTRN_F,86499NSTRN_T_F
Autodesk Nastran In-CAD 2017,86659NINCAD_2017_0F,86501NINCAD_F,86501NINCAD_T_F
Autodesk Navisworks Manage 2017,86766NAVMAN_2017_0F,67600NAVMAN_F,67600NAVMAN_T_F
Autodesk Navisworks Simulate 2017,86767NAVSIM_2017_0F,85838NAVSIM_F,85838NAVSIM_T_F
Autodesk Plant Design Suite Premium 2017,86652PDSPRM_2017_0F,85660PDSPRM_F, 
Autodesk Plant Design Suite Standard 2017,86654PLTDSS_2017_0F,85803PLTDSS_F, 
Autodesk Plant Design Suite Ultimate 2017,86656PDSADV_2017_0F,85692PDSADV_F, 
Autodesk Point Layout 2017,86725PNTLAY_2017_0F,86385PNTLAY_F,86385PNTLAY_T_F
Autodesk Product Design Suite Premium 2017,86690PDSP_2017_0F,85814PDSP_F,85814PDSP_T_F
Autodesk Product Design Suite Ultimate 2017,86689PDSU_2017_0F,85815PDSU_F,85815PDSU_T_F
Autodesk ReCap 360 Pro,86747RECAP_2017_0F,86403RECAP_F,86403RECAP_T_F
Autodesk Revit 2017,86706RVT_2017_0F,85950RVT_F,85950RVT_T_F
Autodesk Revit Collaboration Suite 2017,86716CONCRD_2017_0F,86597CONCRD_F, 
Autodesk Revit LT 2017,86707RVTLT_2017_0F,85951RVTLT_F,85951RVTLT_T_F
Autodesk Robot Structural Analysis Professional 2017,86659RSAPRO_2017_0F,69600RSAPRO_F,69600RSAPRO_T_F
Autodesk Showcase 2017,86803SHOWCASE_2017_0F,85835SHOWCASE_F,85835SHOWCASE_T_F
Autodesk SimStudio Tools 2016 R2,86802PLC0000023_2017_0F,86802PLC0000023_F,86802PLC0000023_T_F
Autodesk Simulation Mechanical 2017,86757ASMES_2017_0F,86116ASMES_F,86116ASMES_T_F
Autodesk Smoke Desktop Subscription 2017,86761SMKDS_2017_0F,86426SMKDS_F,86426SMKDS_T_F
Autodesk Stingray 2017,86810STNGRAY_2017_0F,86810STNGRAY_F,86810STNGRAY_T_F
Autodesk Structural Bridge Design 2017,86792SBRDES_2017_0F,86329SBRDES_F,86329SBRDES_T_F
Autodesk Structural Fabrication Suite 2017,86791SFS_2017_0F,86742SFS_F,86742SFS_T_F
Autodesk Studio Wall 2017,86738STUWAL_2017_0F,86671STUWAL_F,86671STUWAL_T_F
Autodesk TruComp 2017,86782TRUCOM_2017_0F,86669TRUCOM_F,86669TRUCOM_T_F
Autodesk TruLaser 2017,86743TRULSR_2017_0F,86670TRULSR_F,86670TRULSR_T_F
Autodesk TruNest 2017 - Nesting Engine,86781TRUNST_2017_0F,86676TRUNST_F,86676TRUNST_T_F
Autodesk TruNest Composites 2017,86780TNCOMP_2017_0F,86680TNCOMP_F,86680TNCOMP_T_F
Autodesk TruNest Contour 2017,86779TNCONT_2017_0F,86678TNCONT_F,86678TNCONT_T_F
Autodesk TruNest Multi-Tool 2017,86778TNMULT_2017_0F,86682TNMULT_F,86682TNMULT_T_F
Autodesk TruPlan 2017,86809TRUPLN_2017_0F,86809TRUPLN_F,86809TRUPLN_T_F
Autodesk Vault Office 2017,86645PCOFFI_2017_0F,66700PCOFFI_F,66700PCOFFI_T_F
Autodesk Vault Professional 2017,86646VLTM_2017_0F,72400VLTM_F,72400VLTM_T_F
Autodesk Vault Workgroup 2017,86647VLTWG_2017_0F,74800VLTWG_F,74800VLTWG_T_F
Autodesk Vehicle Tracking 2017,86726VEHTRK_2017_0F,86334VEHTRK_F,86334VEHTRK_T_F
Autodesk VRED 2017,86768ADKVRD_2017_0F,86310ADKVRD_F,86310ADKVRD_T_F
Autodesk VRED Design 2017,86769VRDDES_2017_0F,86307VRDDES_F,86307VRDDES_T_F
Autodesk VRED Presenter 2017,86770VRDPRS_2017_0F,86311VRDPRS_F,86311VRDPRS_T_F
Autodesk VRED Professional 2017,86771VRDPRO_2017_0F,86312VRDPRO_F,86312VRDPRO_T_F
Autodesk VRED Render Node - consumption-based license 2017,86772VRNCBL_2017_0F,86673VRNCBL_F,86673VRNCBL_T_F
Autodesk VRED Render Node 2017,86773RCMVRD_2017_0F,86309RCMVRD_F,86309RCMVRD_T_F
Autodesk VRED Server 2017,86774VRDSRV_2017_0F,86313VRDSRV_F,86313VRDSRV_T_F
CADdoctor for Autodesk Simulation 2017,86756MFCD_2017_0F,77600MFCD_F,77600MFCD_T_F
Enterprise Multi-Flex Enhanced Bundle 2017,86818EMFEB_2017_0F,86570EMFEB_F, 
T1 Enterprise Multi-flex 2017,86816T1MF_2017_0F,86409T1MF_F, 
T1 Enterprise Multi-flex Standard Bundle 2017,86817T1MFSB_2017_0F,86415T1MFSB_F, 
T1 Enterprise Multi-Flex Standard Prior Version Bundle 2017,86819T1MFPB_2017_0F,86240T1MFPB_F, 